<?xml version="1.0" encoding="UTF-8"?>
<GenRun Id="synth_1" LaunchPart="xa7a35tcpg236-1I" LaunchTime="1556967342">
  <File Type="RDS-PROPCONSTRS" Name="receiver_drc_synth.rpt"/>
  <File Type="PA-TCL" Name="receiver.tcl"/>
  <File Type="RDS-RDS" Name="receiver.vds"/>
  <File Type="RDS-UTIL" Name="receiver_utilization_synth.rpt"/>
  <File Type="RDS-UTIL-PB" Name="receiver_utilization_synth.pb"/>
  <File Type="RDS-DCP" Name="receiver.dcp"/>
  <File Type="VDS-TIMINGSUMMARY" Name="receiver_timing_summary_synth.rpt"/>
  <File Type="VDS-TIMING-PB" Name="receiver_timing_summary_synth.pb"/>
  <FileSet Name="sources" Type="DesignSrcs" RelSrcDir="$PSRCDIR/sources_1">
    <Filter Type="Srcs"/>
    <File Path="$PSRCDIR/sources_1/new/receiver.vhd">
      <FileInfo>
        <Attr Name="UsedIn" Val="synthesis"/>
        <Attr Name="UsedIn" Val="simulation"/>
      </FileInfo>
    </File>
    <Config>
      <Option Name="DesignMode" Val="RTL"/>
      <Option Name="TopModule" Val="receiver"/>
      <Option Name="TopAutoSet" Val="TRUE"/>
    </Config>
  </FileSet>
  <FileSet Name="constrs_in" Type="Constrs" RelSrcDir="$PSRCDIR/constrs_1">
    <Filter Type="Constrs"/>
    <File Path="$PSRCDIR/constrs_1/new/pins.xdc">
      <FileInfo>
        <Attr Name="UsedIn" Val="synthesis"/>
        <Attr Name="UsedIn" Val="implementation"/>
      </FileInfo>
    </File>
    <Config>
      <Option Name="ConstrsType" Val="XDC"/>
    </Config>
  </FileSet>
  <Strategy Version="1" Minor="2">
    <StratHandle Name="Vivado Synthesis Defaults" Flow="Vivado Synthesis 2017"/>
    <Step Id="synth_design"/>
  </Strategy>
</GenRun>
