<?xml version="1.0" encoding="UTF-8"?>
<GenRun Id="synth_1" LaunchPart="xc7z010clg400-1" LaunchTime="1556968367">
  <File Type="PA-TCL" Name="transmitter.tcl"/>
  <File Type="RDS-PROPCONSTRS" Name="transmitter_drc_synth.rpt"/>
  <File Type="RDS-RDS" Name="transmitter.vds"/>
  <File Type="RDS-UTIL" Name="transmitter_utilization_synth.rpt"/>
  <File Type="RDS-UTIL-PB" Name="transmitter_utilization_synth.pb"/>
  <File Type="RDS-DCP" Name="transmitter.dcp"/>
  <File Type="VDS-TIMINGSUMMARY" Name="transmitter_timing_summary_synth.rpt"/>
  <File Type="VDS-TIMING-PB" Name="transmitter_timing_summary_synth.pb"/>
  <FileSet Name="sources" Type="DesignSrcs" RelSrcDir="$PSRCDIR/sources_1">
    <Filter Type="Srcs"/>
    <File Path="$PSRCDIR/sources_1/new/transmitter.vhd">
      <FileInfo>
        <Attr Name="UsedIn" Val="synthesis"/>
        <Attr Name="UsedIn" Val="simulation"/>
      </FileInfo>
    </File>
    <Config>
      <Option Name="DesignMode" Val="RTL"/>
      <Option Name="TopModule" Val="transmitter"/>
      <Option Name="TopAutoSet" Val="TRUE"/>
    </Config>
  </FileSet>
  <FileSet Name="constrs_in" Type="Constrs" RelSrcDir="$PSRCDIR/constrs_1">
    <Filter Type="Constrs"/>
    <File Path="$PSRCDIR/constrs_1/new/pins.xdc">
      <FileInfo>
        <Attr Name="UsedIn" Val="synthesis"/>
        <Attr Name="UsedIn" Val="implementation"/>
      </FileInfo>
    </File>
    <Config>
      <Option Name="ConstrsType" Val="XDC"/>
    </Config>
  </FileSet>
  <Strategy Version="1" Minor="2">
    <StratHandle Name="Vivado Synthesis Defaults" Flow="Vivado Synthesis 2017"/>
    <Step Id="synth_design"/>
  </Strategy>
</GenRun>
